Date,Close
17/08/2017,4285.08
18/08/2017,4108.37
19/08/2017,4139.98
20/08/2017,4086.29
21/08/2017,4016
22/08/2017,4040
23/08/2017,4114.01
24/08/2017,4316.01
25/08/2017,4280.68
26/08/2017,4337.44
27/08/2017,4310.01
28/08/2017,4386.69
29/08/2017,4587.48
30/08/2017,4555.14
31/08/2017,4724.89
01/09/2017,4834.91
02/09/2017,4472.14
03/09/2017,4509.08
04/09/2017,4100.11
05/09/2017,4366.47
06/09/2017,4619.77
07/09/2017,4691.61
08/09/2017,4282.8
09/09/2017,4258.81
10/09/2017,4130.37
11/09/2017,4208.47
12/09/2017,4163.72
13/09/2017,3944.69
14/09/2017,3189.02
15/09/2017,3700
16/09/2017,3714.95
17/09/2017,3699.99
18/09/2017,4035.01
19/09/2017,3910.04
20/09/2017,3900
21/09/2017,3609.99
22/09/2017,3595.87
23/09/2017,3780
24/09/2017,3660.02
25/09/2017,3920.75
26/09/2017,3882.35
27/09/2017,4193
28/09/2017,4174.5
29/09/2017,4174.69
30/09/2017,4378.51
01/10/2017,4378.48
02/10/2017,4380
03/10/2017,4310
04/10/2017,4208.59
05/10/2017,4292.43
06/10/2017,4369
07/10/2017,4423
08/10/2017,4640
09/10/2017,4786.95
10/10/2017,4783.06
11/10/2017,4821.43
12/10/2017,5430
13/10/2017,5649.98
14/10/2017,5869.99
15/10/2017,5709.99
16/10/2017,5760.02
17/10/2017,5595
18/10/2017,5512.06
19/10/2017,5683.9
20/10/2017,6010.01
21/10/2017,6024.97
22/10/2017,5950.02
23/10/2017,5915.93
24/10/2017,5477.03
25/10/2017,5689.99
26/10/2017,5861.77
27/10/2017,5768.83
28/10/2017,5719.64
29/10/2017,6169.98
30/10/2017,6120.5
31/10/2017,6463
01/11/2017,6753.98
02/11/2017,7019.98
03/11/2017,7115.04
04/11/2017,7357.09
05/11/2017,7345.01
06/11/2017,6960.12
07/11/2017,7064.04
08/11/2017,7303
09/11/2017,7079.99
10/11/2017,6506.98
11/11/2017,6245.05
12/11/2017,5811.03
13/11/2017,6465.99
14/11/2017,6574.99
15/11/2017,7240.06
16/11/2017,7864.5
17/11/2017,7699.19
18/11/2017,7761.94
19/11/2017,8038
20/11/2017,8212
21/11/2017,8119.51
22/11/2017,8205.92
23/11/2017,8019.99
24/11/2017,8138
25/11/2017,8700.01
26/11/2017,9128.02
27/11/2017,9650
28/11/2017,9896.8
29/11/2017,9687.88
30/11/2017,9838.96
01/12/2017,10782.99
02/12/2017,10890.01
03/12/2017,11165.41
04/12/2017,11579
05/12/2017,11699.99
06/12/2017,13550.05
07/12/2017,16599
08/12/2017,15880
09/12/2017,14656.07
10/12/2017,14899.98
11/12/2017,16587.97
12/12/2017,16349.99
13/12/2017,16033.29
14/12/2017,16334.98
15/12/2017,17539.83
16/12/2017,19102.66
17/12/2017,18860.02
18/12/2017,18856.25
19/12/2017,17295.2
20/12/2017,16488.98
21/12/2017,15492.64
22/12/2017,13326.61
23/12/2017,13300
24/12/2017,13500
25/12/2017,13699.34
26/12/2017,15689.01
27/12/2017,15459.99
28/12/2017,14182.11
29/12/2017,14378.9
30/12/2017,12440.01
31/12/2017,13716.36
01/01/2018,13380
02/01/2018,14675.11
03/01/2018,14919.51
04/01/2018,15059.54
05/01/2018,16960.39
06/01/2018,17069.79
07/01/2018,16150.03
08/01/2018,14902.54
09/01/2018,14400
10/01/2018,14907.09
11/01/2018,13238.78
12/01/2018,13740.01
13/01/2018,14210
14/01/2018,13474.99
15/01/2018,13539.93
16/01/2018,10900
17/01/2018,10988.79
18/01/2018,10961.97
19/01/2018,11474.98
20/01/2018,12799.94
21/01/2018,11530
22/01/2018,10760.05
23/01/2018,10799.18
24/01/2018,11349.99
25/01/2018,11175.27
26/01/2018,11089
27/01/2018,11491
28/01/2018,11879.95
29/01/2018,11251
30/01/2018,10237.51
31/01/2018,10285.1
01/02/2018,9224.52
02/02/2018,8873.03
03/02/2018,9199.96
04/02/2018,8184.81
05/02/2018,6939.99
06/02/2018,7652.14
07/02/2018,7599
08/02/2018,7784.02
09/02/2018,8683.92
10/02/2018,8533.98
11/02/2018,8063.88
12/02/2018,8903
13/02/2018,8539.9
14/02/2018,9449.99
15/02/2018,10000.09
16/02/2018,10159.98
17/02/2018,11039.55
18/02/2018,10383.43
19/02/2018,11153
20/02/2018,11200.99
21/02/2018,10437.6
22/02/2018,9811.04
23/02/2018,10131.04
24/02/2018,9694.51
25/02/2018,9590
26/02/2018,10324
27/02/2018,10569.04
28/02/2018,10326.76
01/03/2018,10920
02/03/2018,11039
03/03/2018,11464.48
04/03/2018,11515
05/03/2018,11454
06/03/2018,10716.48
07/03/2018,9910
08/03/2018,9271.64
09/03/2018,9227
10/03/2018,8770.22
11/03/2018,9533.57
12/03/2018,9131.34
13/03/2018,9150
14/03/2018,8170
15/03/2018,8240.98
16/03/2018,8260
17/03/2018,7824.8
18/03/2018,8189.99
19/03/2018,8600
20/03/2018,8909.98
21/03/2018,8885
22/03/2018,8722.9
23/03/2018,8898.03
24/03/2018,8546.86
25/03/2018,8470.15
26/03/2018,8134.23
27/03/2018,7795.51
28/03/2018,7949.3
29/03/2018,7090.14
30/03/2018,6840.23
31/03/2018,6923.91
01/04/2018,6813.01
02/04/2018,7056
03/04/2018,7405.21
04/04/2018,6796.1
05/04/2018,6770.76
06/04/2018,6601.39
07/04/2018,6895.8
08/04/2018,7018
09/04/2018,6782.72
10/04/2018,6843.9
11/04/2018,6953.79
12/04/2018,7923
13/04/2018,7877.41
14/04/2018,7999.01
15/04/2018,8355
16/04/2018,8064.92
17/04/2018,7885.02
18/04/2018,8173
19/04/2018,8278
20/04/2018,8856.98
21/04/2018,8915.31
22/04/2018,8787.02
23/04/2018,8934.01
24/04/2018,9619.99
25/04/2018,8869.99
26/04/2018,9266
27/04/2018,8915.35
28/04/2018,9348
29/04/2018,9419
30/04/2018,9246.01
01/05/2018,9071.48
02/05/2018,9247.84
03/05/2018,9750
04/05/2018,9713.99
05/05/2018,9864
06/05/2018,9659.01
07/05/2018,9365
08/05/2018,9187.56
09/05/2018,9310
10/05/2018,9002.2
11/05/2018,8400
12/05/2018,8465.94
13/05/2018,8679.71
14/05/2018,8663.34
15/05/2018,8462
16/05/2018,8330
17/05/2018,8041.46
18/05/2018,8239.81
19/05/2018,8233.49
20/05/2018,8526.98
21/05/2018,8381.24
22/05/2018,7977.11
23/05/2018,7501.95
24/05/2018,7575.01
25/05/2018,7457
26/05/2018,7333.96
27/05/2018,7338.99
28/05/2018,7099
29/05/2018,7461.29
30/05/2018,7375.96
31/05/2018,7485.01
01/06/2018,7521.01
02/06/2018,7640.03
03/06/2018,7714.26
04/06/2018,7487
05/06/2018,7625
06/06/2018,7658.84
07/06/2018,7691.08
08/06/2018,7603.44
09/06/2018,7491.73
10/06/2018,6764.99
11/06/2018,6872
12/06/2018,6530
13/06/2018,6292.78
14/06/2018,6635.98
15/06/2018,6388.9
16/06/2018,6483.98
17/06/2018,6449.61
18/06/2018,6712.46
19/06/2018,6741.21
20/06/2018,6761.51
21/06/2018,6718.84
22/06/2018,6045
23/06/2018,6149.98
24/06/2018,6136.97
25/06/2018,6252
26/06/2018,6070.78
27/06/2018,6133.73
28/06/2018,5853.98
29/06/2018,6197.92
30/06/2018,6390.07
01/07/2018,6356.81
02/07/2018,6615.29
03/07/2018,6513.86
04/07/2018,6586.98
05/07/2018,6529.2
06/07/2018,6609.78
07/07/2018,6756.98
08/07/2018,6712.1
09/07/2018,6662.12
10/07/2018,6296.91
11/07/2018,6378.07
12/07/2018,6250.57
13/07/2018,6214.57
14/07/2018,6251.99
15/07/2018,6353.01
16/07/2018,6723.35
17/07/2018,7317.44
18/07/2018,7381.9
19/07/2018,7466.21
20/07/2018,7337.53
21/07/2018,7398.78
22/07/2018,7394.79
23/07/2018,7721.01
24/07/2018,8397.24
25/07/2018,8175.64
26/07/2018,7920
27/07/2018,8188.57
28/07/2018,8225.04
29/07/2018,8211
30/07/2018,8173.92
31/07/2018,7730.93
01/08/2018,7604.58
02/08/2018,7525.71
03/08/2018,7418.78
04/08/2018,7009.84
05/08/2018,7024.19
06/08/2018,6934.82
07/08/2018,6720.06
08/08/2018,6285
09/08/2018,6529.79
10/08/2018,6144.01
11/08/2018,6232.35
12/08/2018,6308.33
13/08/2018,6246.35
14/08/2018,6188.08
15/08/2018,6267.16
16/08/2018,6311.75
17/08/2018,6584.49
18/08/2018,6387.96
19/08/2018,6477.53
20/08/2018,6254.84
21/08/2018,6480
22/08/2018,6360.89
23/08/2018,6525.01
24/08/2018,6681.64
25/08/2018,6733.64
26/08/2018,6700
27/08/2018,6908.64
28/08/2018,7076.11
29/08/2018,7031.22
30/08/2018,6984.84
31/08/2018,7011.21
01/09/2018,7200.01
02/09/2018,7302.01
03/09/2018,7263.02
04/09/2018,7359.06
05/09/2018,6700
06/09/2018,6516.01
07/09/2018,6395.54
08/09/2018,6185.05
09/09/2018,6250.81
10/09/2018,6312
11/09/2018,6294.91
12/09/2018,6338.62
13/09/2018,6487.38
14/09/2018,6476.63
15/09/2018,6514.96
16/09/2018,6505
17/09/2018,6248.69
18/09/2018,6336.45
19/09/2018,6391.89
20/09/2018,6492
21/09/2018,6759.02
22/09/2018,6723.05
23/09/2018,6708
24/09/2018,6581.39
25/09/2018,6447.54
26/09/2018,6465.12
27/09/2018,6689.13
28/09/2018,6634.58
29/09/2018,6596.38
30/09/2018,6626.57
01/10/2018,6611.61
02/10/2018,6525.79
03/10/2018,6510
04/10/2018,6593.79
05/10/2018,6635.65
06/10/2018,6594.27
07/10/2018,6615.26
08/10/2018,6673.01
09/10/2018,6656.61
10/10/2018,6631
11/10/2018,6252.68
12/10/2018,6298.01
13/10/2018,6332.93
14/10/2018,6339.34
15/10/2018,6752.5
16/10/2018,6759.27
17/10/2018,6740.89
18/10/2018,6618.96
19/10/2018,6528.88
20/10/2018,6588.4
21/10/2018,6590.11
22/10/2018,6581.2
23/10/2018,6553.51
24/10/2018,6565.5
25/10/2018,6528.09
26/10/2018,6538.63
27/10/2018,6505.6
28/10/2018,6489.93
29/10/2018,6344.5
30/10/2018,6330.87
31/10/2018,6371.93
01/11/2018,6410
02/11/2018,6433.98
03/11/2018,6387.09
04/11/2018,6485.85
05/11/2018,6468.99
06/11/2018,6519.11
07/11/2018,6578.46
08/11/2018,6479.84
09/11/2018,6419.99
10/11/2018,6433.05
11/11/2018,6449.81
12/11/2018,6453.07
13/11/2018,6457.66
14/11/2018,5922.41
15/11/2018,5753.4
16/11/2018,5655.94
17/11/2018,5628.29
18/11/2018,5662
19/11/2018,4910.03
20/11/2018,4558.86
21/11/2018,4661.07
22/11/2018,4370
23/11/2018,4420.61
24/11/2018,3932.44
25/11/2018,4085.78
26/11/2018,3862.2
27/11/2018,3875.21
28/11/2018,4264.85
29/11/2018,4295.84
30/11/2018,4041.32
01/12/2018,4190.02
02/12/2018,4161.01
03/12/2018,3884.01
04/12/2018,3951.64
05/12/2018,3769.84
06/12/2018,3508.75
07/12/2018,3403.55
08/12/2018,3410.93
09/12/2018,3545.37
10/12/2018,3432.88
11/12/2018,3380.39
12/12/2018,3445
13/12/2018,3302.06
14/12/2018,3224.17
15/12/2018,3211.72
16/12/2018,3228.67
17/12/2018,3509.08
18/12/2018,3652.98
19/12/2018,3662.22
20/12/2018,4049.62
21/12/2018,3838.66
22/12/2018,3948.91
23/12/2018,3929.71
24/12/2018,4008.01
25/12/2018,3745.79
26/12/2018,3777.74
27/12/2018,3567.91
28/12/2018,3839.26
29/12/2018,3695.32
30/12/2018,3801.91
31/12/2018,3702.9
01/01/2019,3797.14
02/01/2019,3858.56
03/01/2019,3766.78
04/01/2019,3792.01
05/01/2019,3770.96
06/01/2019,3987.6
07/01/2019,3975.45
08/01/2019,3955.13
09/01/2019,3966.65
10/01/2019,3585.88
11/01/2019,3601.31
12/01/2019,3583.13
13/01/2019,3476.81
14/01/2019,3626.09
15/01/2019,3553.06
16/01/2019,3591.84
17/01/2019,3616.21
18/01/2019,3594.87
19/01/2019,3665.3
20/01/2019,3539.28
21/01/2019,3526.9
22/01/2019,3570.93
23/01/2019,3552.82
24/01/2019,3569.62
25/01/2019,3565.29
26/01/2019,3565.25
27/01/2019,3550.84
28/01/2019,3434.15
29/01/2019,3411.04
30/01/2019,3458.18
31/01/2019,3434.1
01/02/2019,3462.07
02/02/2019,3504.77
03/02/2019,3458.11
04/02/2019,3463.22
05/02/2019,3471.59
06/02/2019,3405.37
07/02/2019,3398.4
08/02/2019,3659.04
09/02/2019,3665.18
10/02/2019,3680.06
11/02/2019,3631.05
12/02/2019,3631.46
13/02/2019,3609.4
14/02/2019,3590.56
15/02/2019,3602.47
16/02/2019,3618.41
17/02/2019,3667.58
18/02/2019,3898.6
19/02/2019,3907.79
20/02/2019,3969.74
21/02/2019,3937.31
22/02/2019,3962
23/02/2019,4117.76
24/02/2019,3743.56
25/02/2019,3827.92
26/02/2019,3809.23
27/02/2019,3818.07
28/02/2019,3813.69
01/03/2019,3823
02/03/2019,3819.93
03/03/2019,3807.75
04/03/2019,3715.3
05/03/2019,3857.73
06/03/2019,3861.84
07/03/2019,3873.64
08/03/2019,3864.89
09/03/2019,3943.04
10/03/2019,3916.82
11/03/2019,3871.61
12/03/2019,3882.73
13/03/2019,3866
14/03/2019,3877.12
15/03/2019,3923.76
16/03/2019,4005.98
17/03/2019,3981.14
18/03/2019,3987.81
19/03/2019,4015.53
20/03/2019,4043.04
21/03/2019,3980.64
22/03/2019,3986.93
23/03/2019,4006.01
24/03/2019,3992.18
25/03/2019,3936.12
26/03/2019,3948.55
27/03/2019,4038.05
28/03/2019,4027.81
29/03/2019,4103.25
30/03/2019,4106.97
31/03/2019,4103.95
01/04/2019,4144.56
02/04/2019,4857.29
03/04/2019,4932.6
04/04/2019,4898.66
05/04/2019,5004.95
06/04/2019,5043.89
07/04/2019,5170.27
08/04/2019,5236.9
09/04/2019,5150
10/04/2019,5308.25
11/04/2019,5017.37
12/04/2019,5048.01
13/04/2019,5045.22
14/04/2019,5131.3
15/04/2019,5024.95
16/04/2019,5173.72
17/04/2019,5202.82
18/04/2019,5258.44
19/04/2019,5258.68
20/04/2019,5291.73
21/04/2019,5256.14
22/04/2019,5357.14
23/04/2019,5493.31
24/04/2019,5415
25/04/2019,5219.9
26/04/2019,5314.1
27/04/2019,5295.69
28/04/2019,5307.52
29/04/2019,5238.14
30/04/2019,5320.81
01/05/2019,5383.2
02/05/2019,5492.87
03/05/2019,5772.69
04/05/2019,5829.45
05/05/2019,5775.62
06/05/2019,5747.79
07/05/2019,5846.34
08/05/2019,5987.29
09/05/2019,6209.18
10/05/2019,6373.33
11/05/2019,7076.22
12/05/2019,6967.31
13/05/2019,7790.71
14/05/2019,7947.56
15/05/2019,8169.87
16/05/2019,7866.59
17/05/2019,7355.26
18/05/2019,7257.45
19/05/2019,8148.48
20/05/2019,7938.15
21/05/2019,7904.87
22/05/2019,7628.43
23/05/2019,7851.51
24/05/2019,7964.87
25/05/2019,8025.41
26/05/2019,8614.43
27/05/2019,8756.32
28/05/2019,8715.64
29/05/2019,8645.68
30/05/2019,8269.54
31/05/2019,8555
01/06/2019,8544.07
02/06/2019,8725.98
03/06/2019,8115.82
04/06/2019,7687.03
05/06/2019,7776.5
06/06/2019,7786.7
07/06/2019,7980.53
08/06/2019,7893.62
09/06/2019,7628.13
10/06/2019,7982.75
11/06/2019,7884.9
12/06/2019,8127.64
13/06/2019,8218.54
14/06/2019,8650
15/06/2019,8808.7
16/06/2019,8953.33
17/06/2019,9313.96
18/06/2019,9081.55
19/06/2019,9255.49
20/06/2019,9517.12
21/06/2019,10159.86
22/06/2019,10729.5
23/06/2019,10906.07
24/06/2019,11056.59
25/06/2019,11820.86
26/06/2019,13093.8
27/06/2019,11329.99
28/06/2019,12400.63
29/06/2019,11903.13
30/06/2019,10854.1
01/07/2019,10624.93
02/07/2019,10842.85
03/07/2019,11940
04/07/2019,11145.67
05/07/2019,10970.73
06/07/2019,11256.49
07/07/2019,11406.24
08/07/2019,12238.6
09/07/2019,12543.41
10/07/2019,12108.37
11/07/2019,11342.89
12/07/2019,11757.22
13/07/2019,11355.76
14/07/2019,10174.18
15/07/2019,10838.72
16/07/2019,9439.59
17/07/2019,9667.92
18/07/2019,10627.16
19/07/2019,10504.29
20/07/2019,10740.23
21/07/2019,10589.45
22/07/2019,10340.31
23/07/2019,9864.91
24/07/2019,9763.28
25/07/2019,9879.87
26/07/2019,9824
27/07/2019,9476.52
28/07/2019,9541.54
29/07/2019,9507.64
30/07/2019,9574.21
31/07/2019,10080.53
01/08/2019,10374.99
02/08/2019,10523.75
03/08/2019,10816.86
04/08/2019,10929.23
05/08/2019,11828.8
06/08/2019,11481.69
07/08/2019,11975.03
08/08/2019,11999.77
09/08/2019,11879.99
10/08/2019,11309.31
11/08/2019,11549.97
12/08/2019,11396.08
13/08/2019,10892.71
14/08/2019,10050.37
15/08/2019,10293.93
16/08/2019,10331.54
17/08/2019,10216.02
18/08/2019,10306.78
19/08/2019,10915.54
20/08/2019,10760.51
21/08/2019,10142.57
22/08/2019,10099.88
23/08/2019,10389.55
24/08/2019,10134.35
25/08/2019,10142.69
26/08/2019,10372.25
27/08/2019,10185.05
28/08/2019,9721
29/08/2019,9498.44
30/08/2019,9584.54
31/08/2019,9587.47
01/09/2019,9724.98
02/09/2019,10340
03/09/2019,10615.28
04/09/2019,10567.02
05/09/2019,10564.49
06/09/2019,10298.73
07/09/2019,10455.88
08/09/2019,10381.18
09/09/2019,10303.12
10/09/2019,10098.15
11/09/2019,10158.33
12/09/2019,10415.01
13/09/2019,10342.06
14/09/2019,10335.02
15/09/2019,10302.01
16/09/2019,10251.31
17/09/2019,10187.82
18/09/2019,10156.99
19/09/2019,10244.29
20/09/2019,10168.59
21/09/2019,9986.39
22/09/2019,10028.87
23/09/2019,9702.25
24/09/2019,8493.14
25/09/2019,8430.05
26/09/2019,8063.73
27/09/2019,8177.91
28/09/2019,8198.81
29/09/2019,8043.82
30/09/2019,8289.34
01/10/2019,8292.44
02/10/2019,8359.94
03/10/2019,8223.96
04/10/2019,8137.13
05/10/2019,8126.19
06/10/2019,7854.25
07/10/2019,8190.09
08/10/2019,8168.39
09/10/2019,8560.74
10/10/2019,8558.03
11/10/2019,8258.5
12/10/2019,8300.09
13/10/2019,8275.01
14/10/2019,8348.2
15/10/2019,8159.29
16/10/2019,7991.74
17/10/2019,8070.58
18/10/2019,7947.01
19/10/2019,7948.01
20/10/2019,8223.35
21/10/2019,8197.27
22/10/2019,8020
23/10/2019,7466.62
24/10/2019,7412.41
25/10/2019,8655.02
26/10/2019,9230
27/10/2019,9529.93
28/10/2019,9205.14
29/10/2019,9407.62
30/10/2019,9154.72
31/10/2019,9140.85
01/11/2019,9231.61
02/11/2019,9289.52
03/11/2019,9194.71
04/11/2019,9393.35
05/11/2019,9308.66
06/11/2019,9339.05
07/11/2019,9216.2
08/11/2019,8773.73
09/11/2019,8809.41
10/11/2019,9039.47
11/11/2019,8733.27
12/11/2019,8821.94
13/11/2019,8777.12
14/11/2019,8646.68
15/11/2019,8471.73
16/11/2019,8491.02
17/11/2019,8502.4
18/11/2019,8187.17
19/11/2019,8133.64
20/11/2019,8098.01
21/11/2019,7627.74
22/11/2019,7268.23
23/11/2019,7311.57
24/11/2019,6903.28
25/11/2019,7109.57
26/11/2019,7156.14
27/11/2019,7508.52
28/11/2019,7419.49
29/11/2019,7739.68
30/11/2019,7541.89
01/12/2019,7390.89
02/12/2019,7294.28
03/12/2019,7292.71
04/12/2019,7194.32
05/12/2019,7389
06/12/2019,7527.47
07/12/2019,7488.21
08/12/2019,7510.11
09/12/2019,7338.64
10/12/2019,7224.13
11/12/2019,7210
12/12/2019,7198.08
13/12/2019,7258.48
14/12/2019,7064.05
15/12/2019,7118.59
16/12/2019,6891.72
17/12/2019,6623.82
18/12/2019,7277.83
19/12/2019,7150.3
20/12/2019,7187.83
21/12/2019,7132.75
22/12/2019,7501.44
23/12/2019,7317.09
24/12/2019,7255.77
25/12/2019,7204.63
26/12/2019,7202
27/12/2019,7254.74
28/12/2019,7316.14
29/12/2019,7388.24
30/12/2019,7246
31/12/2019,7195.23
01/01/2020,7200.85
02/01/2020,6965.71
03/01/2020,7344.96
04/01/2020,7354.11
05/01/2020,7358.75
06/01/2020,7758
07/01/2020,8145.28
08/01/2020,8055.98
09/01/2020,7817.76
10/01/2020,8197.02
11/01/2020,8020.01
12/01/2020,8184.98
13/01/2020,8110.34
14/01/2020,8810.01
15/01/2020,8821.41
16/01/2020,8720.01
17/01/2020,8913.28
18/01/2020,8915.96
19/01/2020,8701.7
20/01/2020,8642.35
21/01/2020,8736.03
22/01/2020,8682.36
23/01/2020,8404.52
24/01/2020,8439
25/01/2020,8340.58
26/01/2020,8615
27/01/2020,8907.57
28/01/2020,9374.21
29/01/2020,9301.53
30/01/2020,9513.21
31/01/2020,9352.89
01/02/2020,9384.61
02/02/2020,9331.51
03/02/2020,9292.24
04/02/2020,9197.02
05/02/2020,9612.04
06/02/2020,9772
07/02/2020,9813.73
08/02/2020,9895.05
09/02/2020,10151.75
10/02/2020,9851.83
11/02/2020,10223.08
12/02/2020,10326.46
13/02/2020,10229.63
14/02/2020,10344.36
15/02/2020,9904.72
16/02/2020,9917.27
17/02/2020,9706
18/02/2020,10164.71
19/02/2020,9593.79
20/02/2020,9596.42
21/02/2020,9677.05
22/02/2020,9650.86
23/02/2020,9936.4
24/02/2020,9656.13
25/02/2020,9315.84
26/02/2020,8785.25
27/02/2020,8823.21
28/02/2020,8692.91
29/02/2020,8523.61
01/03/2020,8531.88
02/03/2020,8915.24
03/03/2020,8760.07
04/03/2020,8750.87
05/03/2020,9054.68
06/03/2020,9131.88
07/03/2020,8886.66
08/03/2020,8033.31
09/03/2020,7929.87
10/03/2020,7894.56
11/03/2020,7934.52
12/03/2020,4800
13/03/2020,5578.6
14/03/2020,5172.06
15/03/2020,5361.3
16/03/2020,5028.97
17/03/2020,5312.64
18/03/2020,5393.04
19/03/2020,6162.37
20/03/2020,6208.36
21/03/2020,6186.98
22/03/2020,5816.19
23/03/2020,6467.31
24/03/2020,6744.72
25/03/2020,6677.43
26/03/2020,6737.36
27/03/2020,6359.11
28/03/2020,6236.65
29/03/2020,5881.42
30/03/2020,6394.38
31/03/2020,6410.44
01/04/2020,6642.92
02/04/2020,6794.09
03/04/2020,6734.1
04/04/2020,6856.99
05/04/2020,6772.78
06/04/2020,7329.9
07/04/2020,7197.32
08/04/2020,7361.28
09/04/2020,7283.54
10/04/2020,6858.92
11/04/2020,6876.83
12/04/2020,6903.79
13/04/2020,6837.91
14/04/2020,6868.7
15/04/2020,6621.24
16/04/2020,7101.94
17/04/2020,7027.55
18/04/2020,7248.6
19/04/2020,7120.74
20/04/2020,6826.83
21/04/2020,6841.37
22/04/2020,7125.14
23/04/2020,7482.39
24/04/2020,7505
25/04/2020,7538.67
26/04/2020,7693.1
27/04/2020,7774.62
28/04/2020,7738.98
29/04/2020,8778.57
30/04/2020,8620
01/05/2020,8826.96
02/05/2020,8972.05
03/05/2020,8894.16
04/05/2020,8871.96
05/05/2020,9021.83
06/05/2020,9142.92
07/05/2020,9986.4
08/05/2020,9800.01
09/05/2020,9539.4
10/05/2020,8722.77
11/05/2020,8561.52
12/05/2020,8810.79
13/05/2020,9309.37
14/05/2020,9791.98
15/05/2020,9316.42
16/05/2020,9381.27
17/05/2020,9680.04
18/05/2020,9733.93
19/05/2020,9775.53
20/05/2020,9511.43
21/05/2020,9068.65
22/05/2020,9170
23/05/2020,9179.15
24/05/2020,8720.34
25/05/2020,8900.35
26/05/2020,8841.18
27/05/2020,9204.07
28/05/2020,9575.89
29/05/2020,9427.07
30/05/2020,9697.72
31/05/2020,9448.27
01/06/2020,10200.77
02/06/2020,9518.04
03/06/2020,9666.24
04/06/2020,9789.06
05/06/2020,9621.16
06/06/2020,9666.3
07/06/2020,9746.99
08/06/2020,9782.01
09/06/2020,9772.43
10/06/2020,9885
11/06/2020,9280.4
12/06/2020,9465.13
13/06/2020,9473.34
14/06/2020,9342.1
15/06/2020,9426.02
16/06/2020,9525.59
17/06/2020,9465.14
18/06/2020,9386.32
19/06/2020,9310.23
20/06/2020,9358.95
21/06/2020,9294.69
22/06/2020,9685.69
23/06/2020,9624.89
24/06/2020,9296.49
25/06/2020,9249.49
26/06/2020,9162.21
27/06/2020,9012
28/06/2020,9116.35
29/06/2020,9192.56
30/06/2020,9138.55
01/07/2020,9232
02/07/2020,9086.54
03/07/2020,9058.26
04/07/2020,9135.46
05/07/2020,9069.41
06/07/2020,9344.2
07/07/2020,9257.39
08/07/2020,9436.06
09/07/2020,9232.43
10/07/2020,9288.34
11/07/2020,9234.03
12/07/2020,9302.75
13/07/2020,9242.62
14/07/2020,9255.85
15/07/2020,9197.6
16/07/2020,9133.72
17/07/2020,9154.32
18/07/2020,9170.28
19/07/2020,9208.99
20/07/2020,9160.78
21/07/2020,9390
22/07/2020,9518.16
23/07/2020,9603.27
24/07/2020,9537.8
25/07/2020,9700.42
26/07/2020,9931.54
27/07/2020,11029.96
28/07/2020,10906.27
29/07/2020,11100.53
30/07/2020,11099.61
31/07/2020,11335.46
01/08/2020,11801.17
02/08/2020,11071.35
03/08/2020,11219.81
04/08/2020,11191.97
05/08/2020,11744.91
06/08/2020,11762.46
07/08/2020,11594.23
08/08/2020,11761.41
09/08/2020,11681.68
10/08/2020,11892.92
11/08/2020,11392.08
12/08/2020,11564.33
13/08/2020,11780
14/08/2020,11760.54
15/08/2020,11852.4
16/08/2020,11911
17/08/2020,12281.13
18/08/2020,11945.01
19/08/2020,11754.59
20/08/2020,11853.55
21/08/2020,11531.34
22/08/2020,11662.96
23/08/2020,11648.13
24/08/2020,11748.2
25/08/2020,11318.42
26/08/2020,11461.43
27/08/2020,11330.38
28/08/2020,11526.91
29/08/2020,11465.84
30/08/2020,11711.16
31/08/2020,11649.51
01/09/2020,11921.97
02/09/2020,11388.54
03/09/2020,10140.85
04/09/2020,10446.25
05/09/2020,10166.69
06/09/2020,10256.2
07/09/2020,10373.44
08/09/2020,10126.65
09/09/2020,10219.2
10/09/2020,10336.87
11/09/2020,10387.89
12/09/2020,10440.92
13/09/2020,10332.83
14/09/2020,10671.77
15/09/2020,10785.31
16/09/2020,10954.01
17/09/2020,10939.99
18/09/2020,10933.39
19/09/2020,11080.65
20/09/2020,10920.28
21/09/2020,10417.22
22/09/2020,10529.61
23/09/2020,10241.46
24/09/2020,10736.32
25/09/2020,10686.67
26/09/2020,10728.6
27/09/2020,10774.25
28/09/2020,10696.12
29/09/2020,10840.48
30/09/2020,10776.59
01/10/2020,10619.13
02/10/2020,10570.4
03/10/2020,10542.06
04/10/2020,10666.63
05/10/2020,10792.21
06/10/2020,10599.66
07/10/2020,10666.39
08/10/2020,10925.57
09/10/2020,11050.64
10/10/2020,11293.22
11/10/2020,11369.02
12/10/2020,11528.25
13/10/2020,11420.56
14/10/2020,11417.89
15/10/2020,11505.12
16/10/2020,11319.32
17/10/2020,11360.2
18/10/2020,11503.14
19/10/2020,11751.47
20/10/2020,11909.99
21/10/2020,12780.96
22/10/2020,12968.52
23/10/2020,12923.07
24/10/2020,13111.73
25/10/2020,13028.83
26/10/2020,13052.19
27/10/2020,13636.17
28/10/2020,13266.4
29/10/2020,13455.7
30/10/2020,13560.1
31/10/2020,13791
01/11/2020,13761.5
02/11/2020,13549.37
03/11/2020,14023.53
04/11/2020,14144.01
05/11/2020,15590.02
06/11/2020,15579.92
07/11/2020,14818.3
08/11/2020,15475.1
09/11/2020,15328.41
10/11/2020,15297.21
11/11/2020,15684.24
12/11/2020,16291.86
13/11/2020,16320.7
14/11/2020,16070.45
15/11/2020,15957
16/11/2020,16713.57
17/11/2020,17659.38
18/11/2020,17776.12
19/11/2020,17802.82
20/11/2020,18655.67
21/11/2020,18703.8
22/11/2020,18414.43
23/11/2020,18368
24/11/2020,19160.01
25/11/2020,18719.11
26/11/2020,17149.47
27/11/2020,17139.52
28/11/2020,17719.85
29/11/2020,18184.99
30/11/2020,19695.87
01/12/2020,18764.96
02/12/2020,19204.09
03/12/2020,19421.9
04/12/2020,18650.52
05/12/2020,19147.66
06/12/2020,19359.4
07/12/2020,19166.9
08/12/2020,18324.11
09/12/2020,18541.28
10/12/2020,18254.63
11/12/2020,18036.53
12/12/2020,18808.69
13/12/2020,19174.99
14/12/2020,19273.14
15/12/2020,19426.43
16/12/2020,21335.52
17/12/2020,22797.16
18/12/2020,23107.39
19/12/2020,23821.61
20/12/2020,23455.52
21/12/2020,22719.71
22/12/2020,23810.79
23/12/2020,23232.76
24/12/2020,23729.2
25/12/2020,24712.47
26/12/2020,26493.39
27/12/2020,26281.66
28/12/2020,27079.41
29/12/2020,27385
30/12/2020,28875.54
31/12/2020,28923.63
01/01/2021,29331.69
02/01/2021,32178.33
03/01/2021,33000.05
04/01/2021,31988.71
05/01/2021,33949.53
06/01/2021,36769.36
07/01/2021,39432.28
08/01/2021,40582.81
09/01/2021,40088.22
10/01/2021,38150.02
11/01/2021,35404.47
12/01/2021,34051.24
13/01/2021,37371.38
14/01/2021,39144.5
15/01/2021,36742.22
16/01/2021,35994.98
17/01/2021,35828.61
18/01/2021,36631.27
19/01/2021,35891.49
20/01/2021,35468.23
21/01/2021,30850.13
22/01/2021,32945.17
23/01/2021,32078
24/01/2021,32259.9
25/01/2021,32254.2
26/01/2021,32467.77
27/01/2021,30366.15
28/01/2021,33364.86
29/01/2021,34252.2
30/01/2021,34262.88
31/01/2021,33092.98
01/02/2021,33526.37
02/02/2021,35466.24
03/02/2021,37618.87
04/02/2021,36936.66
05/02/2021,38290.24
06/02/2021,39186.94
07/02/2021,38795.69
08/02/2021,46374.87
09/02/2021,46420.42
10/02/2021,44807.58
11/02/2021,47969.51
12/02/2021,47287.6
13/02/2021,47153.69
14/02/2021,48577.79
15/02/2021,47911.1
16/02/2021,49133.45
17/02/2021,52119.71
18/02/2021,51552.6
19/02/2021,55906
20/02/2021,55841.19
21/02/2021,57408.57
22/02/2021,54087.67
23/02/2021,48891
24/02/2021,49676.2
25/02/2021,47073.73
26/02/2021,46276.87
27/02/2021,46106.43
28/02/2021,45135.66
01/03/2021,49587.03
02/03/2021,48440.65
03/03/2021,50349.37
04/03/2021,48374.09
05/03/2021,48751.71
06/03/2021,48882.2
07/03/2021,50971.75
08/03/2021,52375.17
09/03/2021,54884.5
10/03/2021,55851.59
11/03/2021,57773.16
12/03/2021,57221.72
13/03/2021,61188.39
14/03/2021,58968.31
15/03/2021,55605.2
16/03/2021,56900.75
17/03/2021,58912.97
18/03/2021,57648.16
19/03/2021,58030.01
20/03/2021,58102.28
21/03/2021,57351.56
22/03/2021,54083.25
23/03/2021,54340.89
24/03/2021,52303.65
25/03/2021,51293.78
26/03/2021,55025.59
27/03/2021,55817.14
28/03/2021,55777.63
29/03/2021,57635.47
30/03/2021,58746.57
31/03/2021,58740.55
01/04/2021,58720.44
02/04/2021,58950.01
03/04/2021,57051.94
04/04/2021,58202.01
05/04/2021,59129.99
06/04/2021,57991.15
07/04/2021,55953.45
08/04/2021,58077.52
09/04/2021,58142.54
10/04/2021,59769.13
11/04/2021,60002.43
12/04/2021,59860
13/04/2021,63575
14/04/2021,62959.53
15/04/2021,63159.98
16/04/2021,61334.8
17/04/2021,60006.66
18/04/2021,56150.01
19/04/2021,55633.14
20/04/2021,56425
21/04/2021,53787.63
22/04/2021,51690.96
23/04/2021,51125.14
24/04/2021,50047.84
25/04/2021,49066.77
26/04/2021,54001.39
27/04/2021,55011.97
28/04/2021,54846.22
29/04/2021,53555
30/04/2021,57694.27
01/05/2021,57800.37
02/05/2021,56578.21
03/05/2021,57169.39
04/05/2021,53200.01
05/05/2021,57436.11
06/05/2021,56393.68
07/05/2021,57314.75
08/05/2021,58862.05
09/05/2021,58240.84
10/05/2021,55816.14
11/05/2021,56670.02
12/05/2021,49631.32
13/05/2021,49670.97
14/05/2021,49841.45
15/05/2021,46762.99
16/05/2021,46431.5
17/05/2021,43538.04
18/05/2021,42849.78
19/05/2021,36690.09
20/05/2021,40526.64
21/05/2021,37252.01
22/05/2021,37449.73
23/05/2021,34655.25
24/05/2021,38796.29
25/05/2021,38324.72
26/05/2021,39241.91
27/05/2021,38529.98
28/05/2021,35663.49
29/05/2021,34605.15
30/05/2021,35641.27
31/05/2021,37253.81
01/06/2021,36693.09
02/06/2021,37568.68
03/06/2021,39246.79
04/06/2021,36829
05/06/2021,35513.2
06/06/2021,35796.31
07/06/2021,33552.79
08/06/2021,33380.81
09/06/2021,37388.05
10/06/2021,36675.72
11/06/2021,37331.98
12/06/2021,35546.11
13/06/2021,39020.57
14/06/2021,40516.29
15/06/2021,40144.04
16/06/2021,38349.01
17/06/2021,38092.97
18/06/2021,35819.84
19/06/2021,35483.72
20/06/2021,35600.16
21/06/2021,31608.93
22/06/2021,32509.56
23/06/2021,33678.07
24/06/2021,34663.09
25/06/2021,31584.45
26/06/2021,32283.65
27/06/2021,34700.34
28/06/2021,34494.89
29/06/2021,35911.73
30/06/2021,35045
01/07/2021,33504.69
02/07/2021,33786.55
03/07/2021,34669.13
04/07/2021,35286.51
05/07/2021,33690.14
06/07/2021,34220.01
07/07/2021,33862.12
08/07/2021,32875.71
09/07/2021,33815.81
10/07/2021,33502.87
11/07/2021,34258.99
12/07/2021,33086.63
13/07/2021,32729.77
14/07/2021,32820.02
15/07/2021,31880
16/07/2021,31383.87
17/07/2021,31520.07
18/07/2021,31778.56
19/07/2021,30839.65
20/07/2021,29790.35
21/07/2021,32144.51
22/07/2021,32287.83
23/07/2021,33634.09
24/07/2021,34258.14
25/07/2021,35381.02
26/07/2021,37237.6
27/07/2021,39457.87
28/07/2021,40019.56
29/07/2021,40016.48
30/07/2021,42206.37
31/07/2021,41461.83
01/08/2021,39845.44
02/08/2021,39147.82
03/08/2021,38207.05
04/08/2021,39723.18
05/08/2021,40862.46
06/08/2021,42836.87
07/08/2021,44572.54
08/08/2021,43794.37
09/08/2021,46253.4
10/08/2021,45584.99
11/08/2021,45511
12/08/2021,44399
13/08/2021,47800
14/08/2021,47068.51
15/08/2021,46973.82
16/08/2021,45901.29
17/08/2021,44695.95
18/08/2021,44705.29
19/08/2021,46760.62
20/08/2021,49322.47
21/08/2021,48821.87
22/08/2021,49239.22
23/08/2021,49488.85
24/08/2021,47674.01
25/08/2021,48973.32
26/08/2021,46843.87
27/08/2021,49069.9
28/08/2021,48895.35
29/08/2021,48767.83
30/08/2021,46982.91
31/08/2021,47100.89
01/09/2021,48810.52
02/09/2021,49246.64
03/09/2021,49999.14
04/09/2021,49915.64
05/09/2021,51756.88
06/09/2021,52663.9
07/09/2021,46863.73
08/09/2021,46048.31
09/09/2021,46395.14
10/09/2021,44850.91
11/09/2021,45173.69
12/09/2021,46025.24
13/09/2021,44940.73
14/09/2021,47111.52
15/09/2021,48121.41
16/09/2021,47737.82
17/09/2021,47299.98
18/09/2021,48292.74
19/09/2021,47241.75
20/09/2021,43015.62
21/09/2021,40734.38
22/09/2021,43543.61
23/09/2021,44865.26
24/09/2021,42810.57
25/09/2021,42670.64
26/09/2021,43160.9
27/09/2021,42147.35
28/09/2021,41026.54
29/09/2021,41524.28
30/09/2021,43824.1
01/10/2021,48141.61
02/10/2021,47634.9
03/10/2021,48200.01
04/10/2021,49224.94
05/10/2021,51471.99
06/10/2021,55315
07/10/2021,53785.22
08/10/2021,53951.43
09/10/2021,54949.72
10/10/2021,54659
11/10/2021,57471.35
12/10/2021,55996.93
13/10/2021,57367
14/10/2021,57347.94
15/10/2021,61672.42
16/10/2021,60875.57
17/10/2021,61528.33
18/10/2021,62009.84
19/10/2021,64280.59
20/10/2021,66001.41
21/10/2021,62193.15
22/10/2021,60688.22
23/10/2021,61286.75
24/10/2021,60852.22
25/10/2021,63078.78
26/10/2021,60328.81
27/10/2021,58413.44
28/10/2021,60575.89
29/10/2021,62253.71
30/10/2021,61859.19
31/10/2021,61299.8
01/11/2021,60911.11
02/11/2021,63219.99
03/11/2021,62896.48
04/11/2021,61395.01
05/11/2021,60937.12
06/11/2021,61470.61
07/11/2021,63273.59
08/11/2021,67525.83
09/11/2021,66947.66
10/11/2021,64882.43
11/11/2021,64774.26
12/11/2021,64122.23
13/11/2021,64380
14/11/2021,65519.1
15/11/2021,63606.74
16/11/2021,60058.87
17/11/2021,60344.87
18/11/2021,56891.62
19/11/2021,58052.24
20/11/2021,59707.51
21/11/2021,58622.02
22/11/2021,56247.18
23/11/2021,57541.27
24/11/2021,57138.29
25/11/2021,58960.36
26/11/2021,53726.53
27/11/2021,54721.03
28/11/2021,57274.88
29/11/2021,57776.25
30/11/2021,56950.56
01/12/2021,57184.07
02/12/2021,56480.34
03/12/2021,53601.05
04/12/2021,49152.47
05/12/2021,49396.33
06/12/2021,50441.92
07/12/2021,50588.95
08/12/2021,50471.19
09/12/2021,47545.59
10/12/2021,47140.54
11/12/2021,49389.99
12/12/2021,50053.9
13/12/2021,46702.75
14/12/2021,48343.28
15/12/2021,48864.98
16/12/2021,47632.38
17/12/2021,46131.2
18/12/2021,46834.48
19/12/2021,46681.23
20/12/2021,46914.16
21/12/2021,48889.88
22/12/2021,48588.16
23/12/2021,50838.81
24/12/2021,50820
25/12/2021,50399.66
26/12/2021,50775.49
27/12/2021,50701.44
28/12/2021,47543.74
29/12/2021,46464.66
30/12/2021,47120.87
31/12/2021,46216.93
01/01/2022,47722.65
02/01/2022,47286.18
03/01/2022,46446.1
04/01/2022,45832.01
05/01/2022,43451.13
06/01/2022,43082.31
07/01/2022,41566.48
08/01/2022,41679.74
09/01/2022,41864.62
10/01/2022,41822.49
11/01/2022,42729.29
12/01/2022,43902.66
13/01/2022,42560.11
14/01/2022,43059.96
15/01/2022,43084.29
16/01/2022,43071.66
17/01/2022,42201.62
18/01/2022,42352.12
19/01/2022,41660.01
20/01/2022,40680.91
21/01/2022,36445.31
22/01/2022,35071.42
23/01/2022,36244.55
24/01/2022,36660.35
25/01/2022,36958.32
26/01/2022,36809.34
27/01/2022,37160.1
28/01/2022,37716.56
29/01/2022,38166.84
30/01/2022,37881.76
31/01/2022,38466.9
01/02/2022,38694.59
02/02/2022,36896.36
03/02/2022,37311.61
04/02/2022,41574.25
05/02/2022,41382.59
06/02/2022,42380.87
07/02/2022,43839.99
08/02/2022,44042.99
09/02/2022,44372.72
10/02/2022,43495.44
11/02/2022,42373.73
12/02/2022,42217.87
13/02/2022,42053.66
14/02/2022,42535.94
15/02/2022,44544.86
16/02/2022,43873.56
17/02/2022,40515.7
18/02/2022,39974.44
19/02/2022,40079.17
20/02/2022,38386.89
21/02/2022,37008.16
22/02/2022,38230.33
23/02/2022,37250.01
24/02/2022,38327.21
25/02/2022,39219.17
26/02/2022,39116.72
27/02/2022,37699.07
28/02/2022,43160
01/03/2022,44421.2
02/03/2022,43892.98
03/03/2022,42454
04/03/2022,39148.66
05/03/2022,39397.96
06/03/2022,38420.81
07/03/2022,37988
08/03/2022,38730.63
09/03/2022,41941.71
10/03/2022,39422
11/03/2022,38729.57
12/03/2022,38807.36
13/03/2022,37777.34
14/03/2022,39671.37
15/03/2022,39280.33
16/03/2022,41114
17/03/2022,40917.9
18/03/2022,41757.51
19/03/2022,42201.13
20/03/2022,41262.11
21/03/2022,41002.25
22/03/2022,42364.13
23/03/2022,42882.76
24/03/2022,43991.46
25/03/2022,44313.16
26/03/2022,44511.27
27/03/2022,46827.76
28/03/2022,47122.21
29/03/2022,47434.8
30/03/2022,47067.99
31/03/2022,45510.34
01/04/2022,46283.49
02/04/2022,45811
03/04/2022,46407.35
04/04/2022,46580.51
05/04/2022,45497.55
06/04/2022,43170.47
07/04/2022,43444.19
08/04/2022,42252.01
09/04/2022,42753.97
10/04/2022,42158.85
11/04/2022,39530.45
12/04/2022,40074.94
13/04/2022,41147.79
14/04/2022,39942.38
15/04/2022,40551.9
16/04/2022,40378.71
17/04/2022,39678.12
18/04/2022,40801.13
19/04/2022,41493.18
20/04/2022,41358.19
21/04/2022,40480.01
22/04/2022,39709.18
23/04/2022,39441.6
24/04/2022,39450.13
25/04/2022,40426.08
26/04/2022,38112.65
27/04/2022,39235.72
28/04/2022,39742.07
29/04/2022,38596.11
30/04/2022,37630.8
01/05/2022,38468.35
02/05/2022,38525.16
03/05/2022,37728.95
04/05/2022,39690
05/05/2022,36552.97
06/05/2022,36013.77
07/05/2022,35472.39
08/05/2022,34038.4
09/05/2022,30076.31
10/05/2022,31017.1
11/05/2022,29103.94
12/05/2022,29029.75
13/05/2022,29287.05
14/05/2022,30086.74
15/05/2022,31328.89
16/05/2022,29874.01
17/05/2022,30444.93
18/05/2022,28715.32
19/05/2022,30319.23
20/05/2022,29201.01
21/05/2022,29445.06
22/05/2022,30293.94
23/05/2022,29109.15
24/05/2022,29654.58
25/05/2022,29542.15
26/05/2022,29201.35
27/05/2022,28629.8
28/05/2022,29031.33
29/05/2022,29468.1
30/05/2022,31734.22
31/05/2022,31801.04
01/06/2022,29805.83
02/06/2022,30452.62
03/06/2022,29700.21
04/06/2022,29864.04
05/06/2022,29919.21
06/06/2022,31373.1
07/06/2022,31125.33
08/06/2022,30204.77
09/06/2022,30109.93
10/06/2022,29091.88
11/06/2022,28424.7
12/06/2022,26574.53
13/06/2022,22487.41
14/06/2022,22136.41
15/06/2022,22583.72
16/06/2022,20401.31
17/06/2022,20468.81
18/06/2022,18970.79
19/06/2022,20574
20/06/2022,20573.89
21/06/2022,20723.52
22/06/2022,19987.99
23/06/2022,21110.13
24/06/2022,21237.69
25/06/2022,21491.19
26/06/2022,21038.07
27/06/2022,20742.56
28/06/2022,20281.29
29/06/2022,20123.01
30/06/2022,19942.21
01/07/2022,19279.8
02/07/2022,19252.81
03/07/2022,19315.83
04/07/2022,20236.71
05/07/2022,20175.83
06/07/2022,20564.51
07/07/2022,21624.98
08/07/2022,21594.75
09/07/2022,21591.83
10/07/2022,20862.47
11/07/2022,19963.61
12/07/2022,19328.75
13/07/2022,20234.87
14/07/2022,20588.84
15/07/2022,20830.04
16/07/2022,21195.6
17/07/2022,20798.16
18/07/2022,22432.58
19/07/2022,23396.62
20/07/2022,23223.3
21/07/2022,23152.19
22/07/2022,22684.83
23/07/2022,22451.07
24/07/2022,22579.68
25/07/2022,21310.9
26/07/2022,21254.67
27/07/2022,22952.45
28/07/2022,23842.93
29/07/2022,23773.75
30/07/2022,23643.51
31/07/2022,23293.32
01/08/2022,23268.01
02/08/2022,22987.79
03/08/2022,22818.37
04/08/2022,22622.98
05/08/2022,23312.42
06/08/2022,22954.21
07/08/2022,23174.39
08/08/2022,23810
09/08/2022,23149.95
10/08/2022,23954.05
11/08/2022,23934.39
12/08/2022,24403.68
13/08/2022,24441.38
14/08/2022,24305.24
15/08/2022,24094.82
16/08/2022,23854.74
17/08/2022,23342.66
18/08/2022,23191.2
19/08/2022,20834.39
20/08/2022,21140.07
21/08/2022,21515.61
22/08/2022,21399.83
23/08/2022,21529.12
24/08/2022,21368.08
25/08/2022,21559.04
26/08/2022,20241.05
27/08/2022,20037.6
28/08/2022,19555.61
29/08/2022,20285.73
30/08/2022,19811.66
31/08/2022,20050.02
01/09/2022,20131.46
02/09/2022,19951.86
03/09/2022,19831.9
04/09/2022,20000.3
05/09/2022,19796.84
06/09/2022,18790.61
07/09/2022,19292.84
08/09/2022,19319.77
09/09/2022,21360.11
10/09/2022,21648.34
11/09/2022,21826.87
12/09/2022,22395.74
13/09/2022,20173.57
14/09/2022,20226.71
15/09/2022,19701.88
16/09/2022,19803.3
17/09/2022,20113.62
18/09/2022,19416.18
19/09/2022,19537.02
20/09/2022,18875
21/09/2022,18461.36
22/09/2022,19401.63
23/09/2022,19289.91
24/09/2022,18920.5
25/09/2022,18807.38
26/09/2022,19227.82
27/09/2022,19079.13
28/09/2022,19412.82
29/09/2022,19591.51
30/09/2022,19422.61
01/10/2022,19310.95
02/10/2022,19056.8
03/10/2022,19629.08
04/10/2022,20337.82
05/10/2022,20158.26
06/10/2022,19960.67
07/10/2022,19530.09
08/10/2022,19417.96
09/10/2022,19439.02
10/10/2022,19131.87
11/10/2022,19060
12/10/2022,19155.53
13/10/2022,19375.13
14/10/2022,19176.93
15/10/2022,19069.39
16/10/2022,19262.98
17/10/2022,19549.86
18/10/2022,19327.44
19/10/2022,19123.97
20/10/2022,19041.92
21/10/2022,19164.37
22/10/2022,19204.35
23/10/2022,19570.4
24/10/2022,19329.72
25/10/2022,20080.07
26/10/2022,20771.59
27/10/2022,20295.11
28/10/2022,20591.84
29/10/2022,20809.67
30/10/2022,20627.48
31/10/2022,20490.74
01/11/2022,20483.62
02/11/2022,20151.84
03/11/2022,20207.82
04/11/2022,21148.52
05/11/2022,21299.37
06/11/2022,20905.58
07/11/2022,20591.13
08/11/2022,18547.23
09/11/2022,15922.81
10/11/2022,17601.15
11/11/2022,17070.31
12/11/2022,16812.08
13/11/2022,16329.85
14/11/2022,16619.46
15/11/2022,16900.57
16/11/2022,16662.76
17/11/2022,16692.56
18/11/2022,16700.45
19/11/2022,16700.68
20/11/2022,16280.23
21/11/2022,15781.29
22/11/2022,16226.94
23/11/2022,16603.11
24/11/2022,16598.95
25/11/2022,16522.14
26/11/2022,16458.57
27/11/2022,16428.78
28/11/2022,16212.91
29/11/2022,16442.53
30/11/2022,17163.64
01/12/2022,16977.37
02/12/2022,17092.74
03/12/2022,16885.2
04/12/2022,17105.7
05/12/2022,16966.35
06/12/2022,17088.96
07/12/2022,16836.64
08/12/2022,17224.1
09/12/2022,17128.56
10/12/2022,17127.49
11/12/2022,17085.05
12/12/2022,17209.83
13/12/2022,17774.7
14/12/2022,17803.15
15/12/2022,17356.34
16/12/2022,16632.12
17/12/2022,16776.52
18/12/2022,16738.21
19/12/2022,16438.88
20/12/2022,16895.56
21/12/2022,16824.67
22/12/2022,16821.43
23/12/2022,16778.5
24/12/2022,16836.12
25/12/2022,16832.11
26/12/2022,16919.39
27/12/2022,16706.36
28/12/2022,16547.31
29/12/2022,16633.47
30/12/2022,16607.48
31/12/2022,16542.4
01/01/2023,16616.75
02/01/2023,16672.87
03/01/2023,16675.18
04/01/2023,16850.36
05/01/2023,16831.85
06/01/2023,16950.65
07/01/2023,16943.57
08/01/2023,17127.83
09/01/2023,17178.26
10/01/2023,17440.66
11/01/2023,17943.26
12/01/2023,18846.62
13/01/2023,19930.01
14/01/2023,20954.92
15/01/2023,20871.5
16/01/2023,21185.65
17/01/2023,21134.81
18/01/2023,20677.47
19/01/2023,21071.59
20/01/2023,22667.21
21/01/2023,22783.55
22/01/2023,22707.88
23/01/2023,22916.45
24/01/2023,22632.89
25/01/2023,23060.94
26/01/2023,23009.65
27/01/2023,23074.16
28/01/2023,23022.6
29/01/2023,23742.3
30/01/2023,22826.15
31/01/2023,23125.13
01/02/2023,23732.66
02/02/2023,23488.94
03/02/2023,23431.9
04/02/2023,23326.84
05/02/2023,22932.91
06/02/2023,22762.52
07/02/2023,23240.46
08/02/2023,22963
09/02/2023,21796.35
10/02/2023,21625.19
11/02/2023,21862.55
12/02/2023,21783.54
13/02/2023,21773.97
14/02/2023,22199.84
15/02/2023,24324.05
16/02/2023,23517.72
17/02/2023,24569.97
18/02/2023,24631.95
19/02/2023,24271.76
20/02/2023,24842.2
21/02/2023,24452.16
22/02/2023,24182.21
23/02/2023,23940.2
24/02/2023,23185.29
25/02/2023,23157.07
26/02/2023,23554.85
27/02/2023,23492.09
28/02/2023,23141.57
01/03/2023,23628.97
02/03/2023,23465.32
03/03/2023,22354.34
04/03/2023,22346.57
05/03/2023,22430.24
06/03/2023,22410
07/03/2023,22197.96
08/03/2023,21705.44
09/03/2023,20362.22
10/03/2023,20150.69
11/03/2023,20455.73
12/03/2023,21997.11
13/03/2023,24113.48
14/03/2023,24670.41
15/03/2023,24285.66
16/03/2023,24998.78
17/03/2023,27395.13
18/03/2023,26907.49
19/03/2023,27972.87
20/03/2023,27717.01
21/03/2023,28105.47
22/03/2023,27250.97
23/03/2023,28295.41
24/03/2023,27454.47
25/03/2023,27462.95
26/03/2023,27968.05
27/03/2023,27124.91
28/03/2023,27261.07
29/03/2023,28348.6
30/03/2023,28028.53
31/03/2023,28465.36
01/04/2023,28452.73
02/04/2023,28171.87
03/04/2023,27800
04/04/2023,28165.47
05/04/2023,28170.01
06/04/2023,28033.82
07/04/2023,27906.33
08/04/2023,27938.38
09/04/2023,28323.76
10/04/2023,29637.34
11/04/2023,30200.42
12/04/2023,29888.07
13/04/2023,30373.84
14/04/2023,30466.93
15/04/2023,30295.09
16/04/2023,30304.65
17/04/2023,29430.27
18/04/2023,30380.01
19/04/2023,28797.1
20/04/2023,28243.65
21/04/2023,27262.84
22/04/2023,27816.85
23/04/2023,27590.6
24/04/2023,27510.93
25/04/2023,28300.79
26/04/2023,28415.29
27/04/2023,29472.77
28/04/2023,29311.7
29/04/2023,29230.45
30/04/2023,29233.21
01/05/2023,28068.26
02/05/2023,28669.86
03/05/2023,29026.16
04/05/2023,28838.16
05/05/2023,29505.61
06/05/2023,28848.2
07/05/2023,28430.1
08/05/2023,27668.79
09/05/2023,27628.27
10/05/2023,27598.75
11/05/2023,26968.62
12/05/2023,26795.01
13/05/2023,26775.28
14/05/2023,26917.62
15/05/2023,27162.14
16/05/2023,27033.84
17/05/2023,27405.61
18/05/2023,26821.28
19/05/2023,26880.26
20/05/2023,27102.43
21/05/2023,26747.78
22/05/2023,26849.27
23/05/2023,27219.61
24/05/2023,26329.01
25/05/2023,26473.79
26/05/2023,26705.92
27/05/2023,26854.27
28/05/2023,28065
29/05/2023,27736.4
30/05/2023,27694.4
31/05/2023,27210.35
01/06/2023,26817.93
02/06/2023,27242.59
03/06/2023,27069.22
04/06/2023,27115.21
05/06/2023,25728.2
06/06/2023,27230.08
07/06/2023,26339.34
08/06/2023,26498.61
09/06/2023,26477.81
10/06/2023,25841.21
11/06/2023,25925.55
12/06/2023,25905.19
13/06/2023,25934.25
14/06/2023,25128.6
15/06/2023,25598.49
16/06/2023,26345
17/06/2023,26516.99
18/06/2023,26339.97
19/06/2023,26844.35
20/06/2023,28307.99
21/06/2023,29993.89
22/06/2023,29884.92
23/06/2023,30688.5
24/06/2023,30527.43
25/06/2023,30462.66
26/06/2023,30267.99
27/06/2023,30692.44
28/06/2023,30077.41
29/06/2023,30447.31
30/06/2023,30472
01/07/2023,30585.9
02/07/2023,30617.03
03/07/2023,31156.2
04/07/2023,30766.51
05/07/2023,30504.81
06/07/2023,29895.43
07/07/2023,30344.7
08/07/2023,30284.63
09/07/2023,30160.71
10/07/2023,30411.57
11/07/2023,30622.1
12/07/2023,30380
13/07/2023,31454.23
14/07/2023,30312.01
15/07/2023,30289.52
16/07/2023,30231.99
17/07/2023,30138
18/07/2023,29859.13
19/07/2023,29909.21
20/07/2023,29800
21/07/2023,29901.72
22/07/2023,29794
23/07/2023,30083.75
24/07/2023,29176.5
25/07/2023,29228.91
26/07/2023,29351.96
27/07/2023,29222.78
28/07/2023,29314.14
29/07/2023,29352.9
30/07/2023,29281.09
31/07/2023,29232.25
01/08/2023,29705.99
02/08/2023,29186.01
03/08/2023,29193.64
04/08/2023,29113.99
05/08/2023,29072.13
06/08/2023,29088.42
07/08/2023,29211.06
08/08/2023,29770.42
09/08/2023,29581.99
10/08/2023,29455.75
11/08/2023,29426.03
12/08/2023,29430.17
13/08/2023,29303.84
14/08/2023,29430.93
15/08/2023,29200
16/08/2023,28730.51
17/08/2023,26623.41
18/08/2023,26054
19/08/2023,26100.01
20/08/2023,26189.99
21/08/2023,26126.92
22/08/2023,26056
23/08/2023,26432.72
24/08/2023,26180.05
25/08/2023,26060.01
26/08/2023,26017.37
27/08/2023,26101.77
28/08/2023,26120
29/08/2023,27716.34
30/08/2023,27299.99
31/08/2023,25940.78
01/09/2023,25805.05
02/09/2023,25869.51
03/09/2023,25971.21
04/09/2023,25826.02
05/09/2023,25792.1
06/09/2023,25759.95
07/09/2023,26255
08/09/2023,25910.5
09/09/2023,25901.61
10/09/2023,25841.61
11/09/2023,25162.52
12/09/2023,25840.1
13/09/2023,26222
14/09/2023,26522.73
15/09/2023,26600
16/09/2023,26559.67
17/09/2023,26527.51
18/09/2023,26762.51
19/09/2023,27210.26
20/09/2023,27125
21/09/2023,26568.08
22/09/2023,26580.14
23/09/2023,26575.96
24/09/2023,26248.38
25/09/2023,26304.81
26/09/2023,26221.67
27/09/2023,26372.99
28/09/2023,27021.39
29/09/2023,26906.96
30/09/2023,26962.56
01/10/2023,27992.57
02/10/2023,27494.51
03/10/2023,27426.46
04/10/2023,27778.57
05/10/2023,27410.39
06/10/2023,27931.09
07/10/2023,27956.67
08/10/2023,27917.05
09/10/2023,27590.12
10/10/2023,27390.12
11/10/2023,26875.52
12/10/2023,26759.63
13/10/2023,26862
14/10/2023,26852.48
15/10/2023,27154.15
16/10/2023,28500.78
17/10/2023,28395.91
18/10/2023,28320
19/10/2023,28713.71
20/10/2023,29669.04
21/10/2023,29909.8
22/10/2023,29992.46
23/10/2023,33069.99
24/10/2023,33922.73
25/10/2023,34496.05
26/10/2023,34151.66
27/10/2023,33892.02
28/10/2023,34081
29/10/2023,34525.89
30/10/2023,34474.73
31/10/2023,34639.77
01/11/2023,35421.43
02/11/2023,34941.59
03/11/2023,34716.78
04/11/2023,35062.07
05/11/2023,35011.88
06/11/2023,35046.09
07/11/2023,35399.12
08/11/2023,35624.72
09/11/2023,36701.09
10/11/2023,37301.63
11/11/2023,37130
12/11/2023,37064.13
13/11/2023,36462.93
14/11/2023,35551.19
15/11/2023,37858.2
16/11/2023,36163.51
17/11/2023,36613.92
18/11/2023,36568.1
19/11/2023,37359.86
20/11/2023,37448.78
21/11/2023,35741.65
22/11/2023,37408.34
23/11/2023,37294.28
24/11/2023,37713.57
25/11/2023,37780.67
26/11/2023,37447.43
27/11/2023,37242.7
28/11/2023,37818.87
29/11/2023,37854.64
30/11/2023,37723.96
01/12/2023,38682.52
02/12/2023,39450.35
03/12/2023,39972.26
04/12/2023,41991.1
05/12/2023,44073.32
06/12/2023,43762.69
07/12/2023,43273.14
08/12/2023,44170.99
09/12/2023,43713.6
10/12/2023,43789.51
11/12/2023,41253.4
12/12/2023,41492.39
13/12/2023,42869.03
14/12/2023,43022.26
15/12/2023,41940.3
16/12/2023,42278.03
17/12/2023,41374.65
18/12/2023,42657.8
19/12/2023,42275.99
20/12/2023,43668.93
21/12/2023,43861.8
22/12/2023,43969.04
23/12/2023,43702.16
24/12/2023,42991.5
25/12/2023,43576.13
26/12/2023,42508.93
27/12/2023,43428.85
28/12/2023,42563.76
29/12/2023,42066.95
30/12/2023,42140.28
31/12/2023,42283.58
01/01/2024,44179.55
02/01/2024,44946.91
03/01/2024,42845.23
04/01/2024,44151.1
05/01/2024,44145.11
06/01/2024,43968.32
07/01/2024,43929.02
08/01/2024,46951.04
09/01/2024,46110
10/01/2024,46653.99
11/01/2024,46339.16
12/01/2024,42782.73
13/01/2024,42847.99
14/01/2024,41732.35
15/01/2024,42511.1
16/01/2024,43137.95
17/01/2024,42776.1
18/01/2024,41327.5
19/01/2024,41659.03
20/01/2024,41696.04
21/01/2024,41580.33
22/01/2024,39568.02
23/01/2024,39897.6
24/01/2024,40084.88
25/01/2024,39961.09
26/01/2024,41823.51
27/01/2024,42120.63
28/01/2024,42031.06
29/01/2024,43302.7
30/01/2024,42941.1
31/01/2024,42580
01/02/2024,43082.94
02/02/2024,43200
03/02/2024,43011.09
04/02/2024,42582.88
05/02/2024,42708.7
06/02/2024,43098.95
07/02/2024,44349.6
08/02/2024,45288.65
09/02/2024,47132.77
10/02/2024,47751.09
11/02/2024,48299.99
12/02/2024,49917.27
13/02/2024,49699.59
14/02/2024,51795.17
15/02/2024,51880
16/02/2024,52124.11
17/02/2024,51642.64
18/02/2024,52137.67
19/02/2024,51774.73
20/02/2024,52258.82
21/02/2024,51849.39
22/02/2024,51288.42
23/02/2024,50744.15
24/02/2024,51568.22
25/02/2024,51728.85
26/02/2024,54476.47
27/02/2024,57037.34
28/02/2024,62432.1
29/02/2024,61130.98
01/03/2024,62387.9
02/03/2024,61987.28
03/03/2024,63113.97
04/03/2024,68245.71
05/03/2024,63724.01
06/03/2024,66074.04
07/03/2024,66823.17
08/03/2024,68124.19
09/03/2024,68313.27
10/03/2024,68955.88
11/03/2024,72078.1
12/03/2024,71452.01
13/03/2024,73072.41
14/03/2024,71388.94
15/03/2024,69499.85
16/03/2024,65300.63
17/03/2024,68393.48
18/03/2024,67609.99
19/03/2024,61937.4
20/03/2024,67840.51
21/03/2024,65501.27
22/03/2024,63796.64
23/03/2024,63990.01
24/03/2024,67209.99
25/03/2024,69880.01
26/03/2024,69988
27/03/2024,69469.99
28/03/2024,70780.6
29/03/2024,69850.54
30/03/2024,69582.18
31/03/2024,71280.01
01/04/2024,69649.8
02/04/2024,65463.99
03/04/2024,65963.28
04/04/2024,68487.79
05/04/2024,67820.62
06/04/2024,68896
07/04/2024,69360.39
08/04/2024,71620
09/04/2024,69146
10/04/2024,70631.08
11/04/2024,70006.23
12/04/2024,67116.52
13/04/2024,63924.51
14/04/2024,65661.84
15/04/2024,63419.99
16/04/2024,63793.39
17/04/2024,61277.37
18/04/2024,63470.08
19/04/2024,63818.01
20/04/2024,64940.59
21/04/2024,64941.15
22/04/2024,66819.32
23/04/2024,66414
24/04/2024,64289.59
25/04/2024,64498.34
26/04/2024,63770.01
27/04/2024,63461.98
28/04/2024,63118.62
29/04/2024,63866
30/04/2024,60672
01/05/2024,58364.97
02/05/2024,59060.61
03/05/2024,62882.01
04/05/2024,63892.04
05/05/2024,64012
06/05/2024,63165.19
07/05/2024,62312.08
08/05/2024,61193.03
09/05/2024,63074.01
10/05/2024,60799.99
11/05/2024,60825.99
12/05/2024,61483.99
13/05/2024,62940.08
14/05/2024,61577.49
15/05/2024,66206.5
16/05/2024,65235.21
17/05/2024,67024
18/05/2024,66915.2
19/05/2024,66274.01
20/05/2024,71446.62
21/05/2024,70148.34
22/05/2024,69166.62
23/05/2024,67969.65
24/05/2024,68549.99
25/05/2024,69290.57
26/05/2024,68507.67
27/05/2024,69436.43
28/05/2024,68398.39
29/05/2024,67652.42
30/05/2024,68352.17
31/05/2024,67540.01
01/06/2024,67766.85
02/06/2024,67765.63
03/06/2024,68809.9
04/06/2024,70537.84
05/06/2024,71108
06/06/2024,70799.06
07/06/2024,69355.6
08/06/2024,69310.46
09/06/2024,69648.14
10/06/2024,69540
11/06/2024,67314.24
12/06/2024,68263.99
13/06/2024,66773.01
14/06/2024,66043.99
15/06/2024,66228.25
16/06/2024,66676.87
17/06/2024,66504.33
18/06/2024,65175.32
19/06/2024,64974.37
20/06/2024,64869.99
21/06/2024,64143.56
22/06/2024,64262.01
23/06/2024,63210.01
24/06/2024,60293.3
25/06/2024,61806.01
26/06/2024,60864.99
27/06/2024,61706.47
28/06/2024,60427.84
29/06/2024,60986.68
30/06/2024,62772.01
01/07/2024,62899.99
02/07/2024,62135.47
03/07/2024,60208.58
04/07/2024,57050.01
05/07/2024,56628.79
06/07/2024,58230.13
07/07/2024,55857.81
08/07/2024,56714.62
09/07/2024,58050
10/07/2024,57725.85
11/07/2024,57339.89
12/07/2024,57889.1
13/07/2024,59204.02
14/07/2024,60797.91
15/07/2024,64724.14
16/07/2024,65043.99
17/07/2024,64087.99
18/07/2024,63987.92
19/07/2024,66660
20/07/2024,67139.96
21/07/2024,68165.34
22/07/2024,67532.01
23/07/2024,65936.01
24/07/2024,65376
25/07/2024,65799.95
26/07/2024,67907.99
27/07/2024,67896.5
28/07/2024,68249.88
29/07/2024,66784.69
30/07/2024,66188
31/07/2024,64628
01/08/2024,65354.02
02/08/2024,61498.33
03/08/2024,60697.99
04/08/2024,58161
05/08/2024,54018.81
06/08/2024,56022.01
07/08/2024,55134.16
08/08/2024,61685.99
09/08/2024,60837.99
10/08/2024,60923.51
11/08/2024,58712.59
12/08/2024,59346.64
13/08/2024,60587.15
14/08/2024,58683.39
15/08/2024,57541.06
16/08/2024,58874.6
17/08/2024,59491.99
18/08/2024,58427.35
19/08/2024,59438.5
20/08/2024,59013.8
21/08/2024,61156.03
22/08/2024,60375.84
23/08/2024,64037.24
24/08/2024,64157.01
25/08/2024,64220
26/08/2024,62834
27/08/2024,59415
28/08/2024,59034.9
29/08/2024,59359.01
30/08/2024,59123.99
31/08/2024,58973.99
01/09/2024,57301.86
02/09/2024,59132.13
03/09/2024,57487.73
04/09/2024,57970.9
05/09/2024,56180
06/09/2024,53962.97
07/09/2024,54160.86
08/09/2024,54869.95
09/09/2024,57042
10/09/2024,57635.99
11/09/2024,57338
12/09/2024,58132.32
13/09/2024,60498
14/09/2024,59993.03
15/09/2024,59132
16/09/2024,58213.99
17/09/2024,60313.99
18/09/2024,61759.99
19/09/2024,62947.99
20/09/2024,63201.05
21/09/2024,63348.96
22/09/2024,63578.76
23/09/2024,63339.99
24/09/2024,64262.7
25/09/2024,63152.01
26/09/2024,65173.99
27/09/2024,65769.95
28/09/2024,65858
29/09/2024,65602.01
30/09/2024,63327.59
01/10/2024,60805.78
02/10/2024,60649.28
03/10/2024,60752.71
04/10/2024,62086
05/10/2024,62058
06/10/2024,62819.91
07/10/2024,62224
08/10/2024,62160.49
09/10/2024,60636.02
10/10/2024,60326.39
11/10/2024,62540
12/10/2024,63206.22
13/10/2024,62870.02
14/10/2024,66083.99
15/10/2024,67074.14
16/10/2024,67620.01
17/10/2024,67421.78
18/10/2024,68428
19/10/2024,68378
20/10/2024,69031.99
21/10/2024,67377.5
22/10/2024,67426
23/10/2024,66668.65
24/10/2024,68198.28
25/10/2024,66698.33
26/10/2024,67092.76
27/10/2024,68021.7
28/10/2024,69962.21
29/10/2024,72736.42
30/10/2024,72344.74
31/10/2024,70292.01
01/11/2024,69496.01
02/11/2024,69374.74
03/11/2024,68775.99
04/11/2024,67850.01
05/11/2024,69372.01
06/11/2024,75571.99
07/11/2024,75857.89
08/11/2024,76509.78
09/11/2024,76677.46
10/11/2024,80370.01
11/11/2024,88647.99
12/11/2024,87952.01
13/11/2024,90375.2
14/11/2024,87325.59
15/11/2024,91032.07
16/11/2024,90586.92
17/11/2024,89855.99
18/11/2024,90464.08
19/11/2024,92310.79
20/11/2024,94286.56
21/11/2024,98317.12
22/11/2024,98892
23/11/2024,97672.4
24/11/2024,97900.04
25/11/2024,93010.01
26/11/2024,91965.16
27/11/2024,95863.11
28/11/2024,95643.98
29/11/2024,97460
30/11/2024,96407.99
01/12/2024,97185.18
02/12/2024,95840.62
03/12/2024,95849.69
04/12/2024,98587.32
05/12/2024,96945.63
06/12/2024,99740.84
07/12/2024,99831.99
08/12/2024,101109.59
09/12/2024,97276.47
10/12/2024,96593
11/12/2024,101125
12/12/2024,100004.29
13/12/2024,101424.25
14/12/2024,101420
15/12/2024,104463.99
16/12/2024,106058.66
17/12/2024,106133.74
18/12/2024,100204.01
19/12/2024,97461.86
20/12/2024,97805.44
21/12/2024,97291.99
22/12/2024,95186.27
23/12/2024,94881.47
24/12/2024,98663.58
25/12/2024,99429.6
26/12/2024,95791.6
27/12/2024,94299.03
28/12/2024,95300
29/12/2024,93738.2
30/12/2024,92792.05
31/12/2024,93576
01/01/2025,94591.79
02/01/2025,96984.79
03/01/2025,98174.18
04/01/2025,98220.5
05/01/2025,98363.61
06/01/2025,102235.6
07/01/2025,96954.61
08/01/2025,95060.61
09/01/2025,92552.49
10/01/2025,94726.11
11/01/2025,94599.99
12/01/2025,94545.06
13/01/2025,94536.1
14/01/2025,96560.86
15/01/2025,100497.35
16/01/2025,99987.3
17/01/2025,104077.48
18/01/2025,104556.23
19/01/2025,101331.57
20/01/2025,102260.01
21/01/2025,106143.82
22/01/2025,103706.66
23/01/2025,103910.34
24/01/2025,104870.5
25/01/2025,104746.85
26/01/2025,102620
27/01/2025,102082.83
28/01/2025,101335.52
29/01/2025,103733.24
30/01/2025,104722.94
31/01/2025,102429.56
01/02/2025,100635.65
02/02/2025,97700.59
03/02/2025,101328.52
04/02/2025,97763.13
05/02/2025,96612.43
06/02/2025,96554.35
07/02/2025,96506.8
08/02/2025,96444.74
09/02/2025,96462.75
10/02/2025,97430.82
11/02/2025,95778.2
12/02/2025,97869.99
13/02/2025,96608.14
14/02/2025,97500.48
15/02/2025,97569.66
16/02/2025,96118.12
17/02/2025,95780
18/02/2025,95671.74
19/02/2025,96644.37
20/02/2025,98305
21/02/2025,96181.98
22/02/2025,96551.01
23/02/2025,96258
24/02/2025,91552.88
25/02/2025,88680.4
26/02/2025,84250.09
27/02/2025,84708.58
28/02/2025,84349.94
01/03/2025,86064.53
02/03/2025,94270
03/03/2025,86220.61
04/03/2025,87281.98
05/03/2025,90606.01
06/03/2025,89931.89
07/03/2025,86801.75
08/03/2025,86222.45
09/03/2025,80734.37
10/03/2025,78595.86
11/03/2025,82932.99
12/03/2025,83680.12
13/03/2025,81115.78
14/03/2025,83983.2
15/03/2025,84338.44
16/03/2025,82574.53
17/03/2025,84010.03
18/03/2025,82715.03
19/03/2025,86845.94
20/03/2025,84223.39
21/03/2025,84088.79
22/03/2025,83840.59
23/03/2025,86082.5
24/03/2025,87498.16
25/03/2025,87392.87
26/03/2025,86909.17
27/03/2025,87232.01
28/03/2025,84424.38
29/03/2025,82648.54
30/03/2025,82389.99
31/03/2025,82550.01
01/04/2025,85158.34
02/04/2025,82516.29
03/04/2025,83213.09
04/04/2025,83889.87
05/04/2025,83537.99
06/04/2025,78430
07/04/2025,79163.24
08/04/2025,76322.42
09/04/2025,82615.22
10/04/2025,79607.3
11/04/2025,83423.84
12/04/2025,85276.9
13/04/2025,83760
14/04/2025,84591.58
15/04/2025,83643.99
16/04/2025,84030.38
17/04/2025,84947.91
18/04/2025,84474.69
19/04/2025,85077.01
20/04/2025,85179.24
21/04/2025,87516.23
22/04/2025,93442.99
23/04/2025,93691.08
24/04/2025,93980.47
25/04/2025,94638.68
26/04/2025,94628
27/04/2025,93749.3
28/04/2025,95011.18
29/04/2025,94256.82
30/04/2025,94172
01/05/2025,96489.91
02/05/2025,96887.14
03/05/2025,95856.42
04/05/2025,94277.62
05/05/2025,94733.68
06/05/2025,96834.02
07/05/2025,97030.5
08/05/2025,103261.6
09/05/2025,102971.99
10/05/2025,104809.53
11/05/2025,104118
12/05/2025,102791.32
13/05/2025,104103.72
14/05/2025,103507.82
15/05/2025,103763.71
16/05/2025,103463.9
17/05/2025,103126.65
18/05/2025,106454.26
19/05/2025,105573.74
20/05/2025,106849.99
21/05/2025,109643.99
22/05/2025,111696.21
23/05/2025,107318.3
24/05/2025,107761.91
25/05/2025,109004.19
26/05/2025,109434.79
27/05/2025,108938.17
28/05/2025,107781.78
29/05/2025,105589.75
30/05/2025,103985.48
31/05/2025,104591.88
01/06/2025,105642.93
02/06/2025,105857.99
03/06/2025,105884.7
04/06/2025,105434.5
05/06/2025,104812.9
06/06/2025,101650.7
07/06/2025,104409.7
08/06/2025,105681.5
09/06/2025,105692.2
10/06/2025,110261.6
11/06/2025,110212.7
12/06/2025,108680
13/06/2025,105979.2
14/06/2025,106045.6
15/06/2025,105482.9
16/06/2025,105554.5
17/06/2025,106951.3
18/06/2025,104683.4
19/06/2025,104722.7
20/06/2025,104690.6
21/06/2025,103290.1
22/06/2025,101532.6
23/06/2025,100852.6
24/06/2025,105511.6
25/06/2025,105976.1
26/06/2025,107238.5
27/06/2025,106984
28/06/2025,107078.9
29/06/2025,107331.6
30/06/2025,108396.6
01/07/2025,107132.8
02/07/2025,105613.4
03/07/2025,108824.4
04/07/2025,109602.2
05/07/2025,108040.9
06/07/2025,108217.5
07/07/2025,109215.2
08/07/2025,108300.7
09/07/2025,108953.2
10/07/2025,111327.5
11/07/2025,115879.7
12/07/2025,117571
13/07/2025,117419
14/07/2025,119117.6
15/07/2025,119833.7
16/07/2025,117678.2
17/07/2025,118748.2
